sample_id,authority,true_label,predicted_label,is_correct,proba__All ages,proba__Rated 10+,proba__Rated 12+,proba__Rated 14+,proba__Rated 16+,proba__Rated 18+,confidence
sample_0885,Classificação Indicativa (ClassInd),Rated 18+,Rated 18+,True,8.061621586272806e-08,1.0381681916768231e-08,4.311309086591808e-09,0.0035828828679647247,3.123222803293001e-05,0.9963857895947954,0.9963857895947954
sample_0072,Classificação Indicativa (ClassInd),Rated 18+,Rated 18+,True,1.808339122116341e-07,1.9870422719631368e-09,1.3951091627304355e-08,1.0898405778465907e-07,0.007118691997036807,0.9928810022468593,0.9928810022468593
sample_1094,Classificação Indicativa (ClassInd),Rated 18+,Rated 18+,True,0.00041813609066736445,3.334743905468633e-08,2.5795813469562186e-07,9.651132185212142e-05,0.06553825088641912,0.9339468103954877,0.9339468103954877
sample_0380,Classificação Indicativa (ClassInd),Rated 18+,Rated 16+,False,7.548823237185854e-05,0.0001683986958286721,1.0888044269282382e-05,0.16389758722110676,0.7070116743259243,0.1288359634804992,0.7070116743259243
sample_0298,Classificação Indicativa (ClassInd),Rated 18+,Rated 18+,True,0.0001945267069484753,3.16245404067583e-08,2.5805550732212554e-08,5.306899974777272e-05,0.001493453976777396,0.9982588928864352,0.9982588928864352
sample_1240,Classificação Indicativa (ClassInd),All ages,All ages,True,0.9999958271522906,5.1183880347745245e-11,5.621358902509358e-08,3.182826531267817e-06,4.252180172059207e-08,8.912346035337192e-07,0.9999958271522906
sample_0633,Classificação Indicativa (ClassInd),Rated 18+,Rated 18+,True,5.153308963703333e-09,5.357046081538735e-10,2.049259503736473e-10,2.9277315299366837e-07,3.0740852361022506e-06,0.9999966272476714,0.9999966272476714
sample_1097,Classificação Indicativa (ClassInd),Rated 18+,Rated 14+,False,0.00017309482956223395,1.013249547782496e-05,2.2549682490523742e-05,0.40426926327612256,0.3473774225888115,0.24814753712753543,0.40426926327612256
sample_0311,Classificação Indicativa (ClassInd),Rated 16+,Rated 16+,True,5.2166376131221616e-05,1.8304654728769042e-06,8.813913002831778e-06,0.025547683111663295,0.935672576439264,0.038716929694465774,0.935672576439264
sample_0516,Classificação Indicativa (ClassInd),All ages,All ages,True,0.9999160654980744,2.2538453133371104e-10,1.9858358117966517e-10,4.204506461700044e-05,6.443844866416471e-06,3.544516847399895e-05,0.9999160654980744
sample_0470,Classificação Indicativa (ClassInd),Rated 18+,Rated 18+,True,1.096590295150736e-07,5.233283294454444e-08,1.0924851033045054e-05,0.00020152712001991757,0.00032757643574484976,0.9994598096013396,0.9994598096013396
sample_0391,Classificação Indicativa (ClassInd),Rated 18+,Rated 18+,True,2.6792607536271433e-08,6.690663484444256e-10,1.1169316710068066e-07,1.1191352031670248e-05,1.9526486642805154e-05,0.9999691430064845,0.9999691430064845
sample_0100,Classificação Indicativa (ClassInd),All ages,All ages,True,0.9998897216441486,2.541102020921353e-10,1.9658823810087018e-09,2.9219671221406503e-06,6.579590055378252e-07,0.00010669620973112473,0.9998897216441486
sample_1195,Classificação Indicativa (ClassInd),Rated 14+,Rated 16+,False,0.00010488639549353377,3.3742658078867903e-06,1.4321097426183595e-05,0.19123013389235125,0.798523611530137,0.010123672818784337,0.798523611530137
sample_0441,Classificação Indicativa (ClassInd),Rated 18+,Rated 18+,True,3.391597329240788e-09,1.408874922232843e-10,2.0361204533132442e-10,1.201835702184645e-06,5.997485457121056e-08,0.9999987344533463,0.9999987344533463
sample_0837,Classificação Indicativa (ClassInd),Rated 18+,Rated 18+,True,3.213277971007918e-05,1.229834112413754e-06,7.613586146716209e-06,0.03285826896613172,0.0009695345690737141,0.9661312202648255,0.9661312202648255
sample_0460,Classificação Indicativa (ClassInd),Rated 18+,Rated 18+,True,1.7686252548753486e-09,1.147010240774439e-10,1.9521610074520936e-10,6.689308593790687e-05,6.554985503665104e-06,0.999926549850016,0.999926549850016
sample_0242,Classificação Indicativa (ClassInd),Rated 18+,Rated 18+,True,1.4897565672887124e-07,8.168039901411983e-08,4.705738273420856e-09,6.21293422258148e-05,4.2328595242078633e-07,0.9999372120100277,0.9999372120100277
sample_0927,Classificação Indicativa (ClassInd),Rated 18+,Rated 18+,True,2.496560274271311e-08,1.625284866948068e-10,1.7574065710341476e-10,1.53092178926056e-05,4.403313545378815e-05,0.9999406323427816,0.9999406323427816
sample_1235,Classificação Indicativa (ClassInd),Rated 18+,Rated 18+,True,0.0005763888677299855,4.188759224310518e-07,0.0004290213306999101,0.0011054697144542583,0.0003728872195975648,0.9975158139915958,0.9975158139915958
sample_0656,Classificação Indicativa (ClassInd),All ages,All ages,True,0.9999389073067342,4.371849506838201e-10,3.100351875879421e-09,1.232246088747736e-06,1.07353615128994e-06,5.878337348881219e-05,0.9999389073067342
sample_0066,Classificação Indicativa (ClassInd),Rated 18+,Rated 18+,True,2.2396150629418136e-05,1.2179249233946399e-07,5.346515081410276e-07,0.015852374314316162,3.563639344576135e-05,0.9840889366976081,0.9840889366976081
sample_0315,Classificação Indicativa (ClassInd),Rated 18+,Rated 18+,True,6.066527042843746e-08,8.455411697223875e-09,1.3027288773467961e-08,2.3896261864170632e-06,0.0002223659701492007,0.9997751622556935,0.9997751622556935
sample_1175,Classificação Indicativa (ClassInd),Rated 18+,Rated 18+,True,5.405469561483768e-05,1.2564630176555266e-06,0.00030462519348604857,0.011635779207158466,0.0009240870299842368,0.9870801974107388,0.9870801974107388
sample_0750,Classificação Indicativa (ClassInd),All ages,All ages,True,0.9998505476343177,2.5716185687296527e-10,1.7675286850000155e-09,6.644921298184433e-06,4.135330529274203e-07,0.0001423918866408236,0.9998505476343177
sample_0394,Classificação Indicativa (ClassInd),Rated 18+,Rated 18+,True,0.00021961059768005594,2.0209199351451883e-08,1.64906592289904e-08,0.00017072611288823826,5.8809040839086316e-05,0.999550817548734,0.999550817548734
sample_0921,Classificação Indicativa (ClassInd),Rated 18+,Rated 18+,True,2.035038894219855e-08,2.5143278774778994e-09,3.3413446674817515e-09,4.428268062717885e-07,0.0008462405042101682,0.9991532904629221,0.9991532904629221
sample_0354,Classificação Indicativa (ClassInd),Rated 16+,Rated 16+,True,0.0002478976459735139,1.73674811569377e-05,9.5384203165573e-05,0.1207526048549693,0.5631131121106382,0.3157736337040965,0.5631131121106382
sample_1301,Classificação Indicativa (ClassInd),Rated 18+,Rated 18+,True,0.003859080674574225,1.0693588484353439e-07,1.1743277426692894e-07,0.0121903194928934,0.00032255124294792493,0.9836278242209253,0.9836278242209253
sample_0276,Classificação Indicativa (ClassInd),All ages,All ages,True,0.9999770839236586,8.261820521081087e-11,1.801363483613128e-07,1.773204917813008e-05,6.489838376097342e-08,4.938909812831039e-06,0.9999770839236586
sample_0610,Classificação Indicativa (ClassInd),Rated 18+,Rated 18+,True,8.204510640884376e-05,1.431493168432505e-07,1.242411877968157e-07,0.00015136045985022898,0.02634344621932628,0.97342288082391,0.97342288082391
sample_0935,Classificação Indicativa (ClassInd),Rated 18+,Rated 18+,True,1.8967645795182543e-09,8.086073498472242e-10,1.241223185495237e-09,1.0913790627936884e-06,2.569250187399086e-06,0.9999963354241547,0.9999963354241547
sample_0552,Classificação Indicativa (ClassInd),Rated 18+,Rated 18+,True,2.6008705276139577e-06,3.963759294041018e-09,4.941475422685907e-07,0.00014528852132717236,1.4854799631477122e-05,0.9998367576972121,0.9998367576972121
sample_1034,Classificação Indicativa (ClassInd),Rated 18+,Rated 18+,True,3.6105895832057945e-06,2.1230023495642986e-07,1.1711362484879192e-06,0.16689753067636653,0.1757715480392615,0.6573259272583053,0.6573259272583053
sample_0869,Classificação Indicativa (ClassInd),Rated 18+,Rated 18+,True,3.468119864507482e-05,7.0202504241277335e-06,1.8651433266388207e-07,0.25392700053105244,0.0007636785748344977,0.7452674329307113,0.7452674329307113
sample_1233,Classificação Indicativa (ClassInd),Rated 12+,Rated 12+,True,3.5145936859581005e-07,4.054157867167923e-08,0.999985191708764,1.1877380973895599e-05,5.340187226521238e-07,2.00489059217225e-06,0.999985191708764
sample_0296,Classificação Indicativa (ClassInd),All ages,All ages,True,0.9998318462685318,6.083153344021858e-10,2.934044849315345e-06,0.00012837627473891188,4.777606945155924e-07,3.636504287049573e-05,0.9998318462685318
sample_0842,Classificação Indicativa (ClassInd),Rated 18+,Rated 18+,True,1.2318739737059818e-05,4.362740013413964e-06,3.053572874727256e-08,0.0008377587482500561,0.00021751373869567287,0.998928015497575,0.998928015497575
sample_0948,Classificação Indicativa (ClassInd),Rated 14+,Rated 16+,False,0.00032391973926602696,2.4631163089847495e-06,0.00013689194866058844,0.07177930957011999,0.9163335424618337,0.011423873163810588,0.9163335424618337
sample_0942,Classificação Indicativa (ClassInd),Rated 18+,Rated 18+,True,0.00013004948184908502,1.5260983407517359e-07,3.988837519460623e-07,0.04644873559244842,0.0001203628562490223,0.9533003005758676,0.9533003005758676
sample_0255,Classificação Indicativa (ClassInd),All ages,All ages,True,0.9999543704284054,2.272603188632013e-10,2.000933090895545e-10,8.459419077416104e-06,4.37821192988576e-06,3.27915132336284e-05,0.9999543704284054
sample_0618,Classificação Indicativa (ClassInd),Rated 14+,Rated 16+,False,3.5618450919269524e-05,2.2768711767292808e-06,1.0008320402909448e-05,0.050274686736932375,0.7869635806683817,0.1627138289521869,0.7869635806683817
sample_0605,Classificação Indicativa (ClassInd),Rated 18+,Rated 18+,True,1.4453366085947684e-07,9.41769760110362e-09,1.9503313104568334e-07,0.0004202942025682825,2.0586173824544777e-05,0.9995587706391177,0.9995587706391177
sample_0302,Classificação Indicativa (ClassInd),Rated 18+,Rated 18+,True,0.007254143269335752,4.1606165843754833e-07,0.00044919193609186916,0.0011119726055110397,0.0003703819357663516,0.9908138941916366,0.9908138941916366
sample_0427,Classificação Indicativa (ClassInd),Rated 18+,Rated 18+,True,5.704256869465187e-08,1.7552900364189172e-09,2.7859592925915553e-09,0.00263933984631124,0.00014806112455611063,0.9972125374453146,0.9972125374453146
sample_0036,Classificação Indicativa (ClassInd),Rated 18+,Rated 18+,True,1.7082756139922e-06,5.329110096250315e-09,2.4681693971623675e-06,0.0018773537884255534,4.504010564945116e-06,0.9981139604268882,0.9981139604268882
sample_1073,Classificação Indicativa (ClassInd),Rated 18+,Rated 18+,True,6.269808728530244e-07,6.023615182791833e-09,8.072092161488785e-08,0.0004960895482027077,1.4743811256916916e-06,0.9995017223452619,0.9995017223452619
sample_0873,Classificação Indicativa (ClassInd),Rated 18+,Rated 18+,True,1.4115271550240479e-05,4.4258126362823614e-07,5.438713780082511e-06,0.007941793048058247,0.0003474619278465607,0.9916907484575012,0.9916907484575012
sample_0371,Classificação Indicativa (ClassInd),Rated 16+,Rated 16+,True,0.00015305221457831165,9.379109607388996e-06,2.1417142853173543e-05,0.08144217280837637,0.5348129507532184,0.38356102797136626,0.5348129507532184
sample_0123,Classificação Indicativa (ClassInd),Rated 18+,Rated 18+,True,0.14147063232814458,1.9544441838603124e-07,2.3877455026728357e-06,0.0005520371459273014,0.00015359165146933357,0.8578211556845378,0.8578211556845378
sample_0325,Classificação Indicativa (ClassInd),Rated 18+,Rated 18+,True,0.0006649581133949499,4.845763810680288e-07,8.901625802116738e-06,0.0061724819307147375,0.00043095397688797923,0.9927222197768192,0.9927222197768192
sample_0937,Classificação Indicativa (ClassInd),Rated 18+,Rated 18+,True,8.79308349180753e-06,0.0007109349656530961,0.00034712192455425806,0.0379714639631511,0.00026082161350937015,0.9607008644496404,0.9607008644496404
sample_1023,Classificação Indicativa (ClassInd),Rated 16+,Rated 16+,True,1.1296683739635565e-05,5.278219363601215e-07,5.662674320320743e-06,0.002125102397107016,0.9771016817299012,0.02075572869299554,0.9771016817299012
sample_0546,Classificação Indicativa (ClassInd),All ages,All ages,True,0.9999889543614453,3.3523763944579406e-10,3.3839035550778605e-10,2.2253668009381086e-06,4.537388443049597e-07,8.36585928132856e-06,0.9999889543614453
sample_0808,Classificação Indicativa (ClassInd),Rated 14+,Rated 14+,True,0.016056993981934446,1.1109627631792414e-06,1.495221814520816e-05,0.9560037570866964,0.0007572394736237461,0.027165946276836925,0.9560037570866964
sample_0102,Classificação Indicativa (ClassInd),All ages,All ages,True,0.9999155510700851,3.018985676575726e-10,1.062748628022364e-05,5.308335326639256e-05,2.686614215460926e-07,2.046912704815582e-05,0.9999155510700851
sample_0141,Classificação Indicativa (ClassInd),Rated 14+,Rated 14+,True,8.987784443008758e-06,3.546938801063526e-08,5.258388058265869e-06,0.9974950087298149,2.781169129822563e-05,0.002462897936997605,0.9974950087298149
sample_0560,Classificação Indicativa (ClassInd),All ages,All ages,True,0.9870451548682857,0.0016638583180403372,0.00013322247959541753,0.009293980187385907,3.8085217631854085e-05,0.0018256989290607272,0.9870451548682857
sample_1261,Classificação Indicativa (ClassInd),Rated 12+,Rated 12+,True,8.276884224780102e-09,4.893629311221641e-10,0.999874739511848,9.561350983291961e-05,3.8455910746036287e-07,2.9253652964266156e-05,0.999874739511848
sample_0858,Classificação Indicativa (ClassInd),Rated 18+,Rated 18+,True,1.1152486176851106e-09,5.651583430168187e-10,2.6528038110707213e-11,5.031567650527936e-09,3.2855896235998415e-07,0.999999664702535,0.999999664702535
sample_0715,Classificação Indicativa (ClassInd),Rated 18+,Rated 18+,True,1.7030720915792752e-05,7.395627553789781e-08,8.818840174115565e-06,0.006167238554417364,0.15408986454430784,0.8397169733839093,0.8397169733839093
sample_1090,Classificação Indicativa (ClassInd),Rated 18+,Rated 18+,True,1.460214542783432e-07,2.2162574398484577e-08,1.1172297569606615e-07,1.5856095432568246e-05,0.0004204726085496569,0.9995633913890133,0.9995633913890133
sample_0805,Classificação Indicativa (ClassInd),Rated 18+,Rated 18+,True,1.103104844522334e-08,2.5520147299069745e-10,7.926219007298171e-10,5.10998069734314e-05,1.999521380772307e-05,0.9999288929003469,0.9999288929003469
sample_0694,Classificação Indicativa (ClassInd),All ages,All ages,True,0.9999641363742815,2.9385376798993003e-10,2.9683776959491965e-10,9.030910595128584e-07,5.360161614418669e-07,3.442392780615433e-05,0.9999641363742815
sample_0966,Classificação Indicativa (ClassInd),Rated 18+,Rated 18+,True,8.061155178116639e-07,6.253418776675364e-08,5.485630326725375e-07,0.019175260633593184,6.0287391625608117e-05,0.9807630347620429,0.9807630347620429
sample_0791,Classificação Indicativa (ClassInd),Rated 14+,Rated 14+,True,2.0554539434716127e-05,3.5025994473793964e-08,5.766658433474746e-06,0.9975140748564807,2.745902520554798e-05,0.0024321098944512505,0.9975140748564807
sample_1156,Classificação Indicativa (ClassInd),All ages,All ages,True,0.9999190131612261,3.4912493195433147e-10,4.122426238386719e-08,7.202146861722308e-05,5.006516227479356e-06,3.917280541792593e-06,0.9999190131612261
sample_0466,Classificação Indicativa (ClassInd),Rated 14+,Rated 16+,False,6.0232479850287865e-06,2.046108751613921e-05,2.674598291938453e-07,0.012363154365909753,0.9806200243556198,0.006990069483140109,0.9806200243556198
sample_0363,Classificação Indicativa (ClassInd),Rated 18+,Rated 18+,True,1.1897848327041847e-06,4.694753805195873e-08,5.836222664259884e-07,0.005198170044264538,0.04285128201670471,0.9519487275843936,0.9519487275843936
sample_0366,Classificação Indicativa (ClassInd),Rated 18+,All ages,False,0.9999090105568185,1.495811888937523e-10,2.4344450254259853e-08,4.3166194064157794e-06,1.0086857454470238e-07,8.654746116916272e-05,0.9999090105568185
sample_1037,Classificação Indicativa (ClassInd),Rated 18+,Rated 18+,True,0.00835025115596774,2.8262489034153588e-08,5.846068159343582e-06,0.004392395338413557,2.3178784962932857e-05,0.9872283003900074,0.9872283003900074
sample_1123,Classificação Indicativa (ClassInd),Rated 18+,Rated 18+,True,3.353290296260725e-07,1.0143817007096842e-07,2.9755843903345737e-08,0.0003931975746538966,0.001825193190233736,0.9977811427120687,0.9977811427120687
sample_0221,Classificação Indicativa (ClassInd),Rated 18+,Rated 18+,True,6.923485892714026e-05,9.380270160745537e-07,0.00022461630583021306,0.00965245767280283,0.000689602167023558,0.9893631509684002,0.9893631509684002
sample_0159,Classificação Indicativa (ClassInd),Rated 18+,Rated 18+,True,4.817881995176061e-08,1.5979766417911325e-09,1.5589023519742692e-09,1.8968878169840203e-05,2.7009959949113216e-06,0.9999782787901363,0.9999782787901363
sample_0403,Classificação Indicativa (ClassInd),All ages,All ages,True,0.9998304274950329,5.791916405386057e-10,3.270311166476789e-05,0.00010257099124933687,5.153324338555741e-07,3.378249042720227e-05,0.9998304274950329
sample_1152,Classificação Indicativa (ClassInd),All ages,All ages,True,0.9998692455381127,2.713124391642404e-10,3.685918785990606e-09,4.231932603943445e-05,1.9441406076134295e-07,8.823676455606214e-05,0.9998692455381127
sample_0679,Classificação Indicativa (ClassInd),Rated 18+,Rated 18+,True,1.5327333579892192e-06,1.2632628234697994e-10,1.1121706919451567e-10,7.498573289717899e-07,2.5485651754563043e-06,0.9999951686065942,0.9999951686065942
sample_0955,Classificação Indicativa (ClassInd),Rated 18+,Rated 18+,True,1.3069147583403238e-05,1.0932919242487966e-06,1.282321432613431e-05,0.09030013778731148,0.07639487816834727,0.8332779983905074,0.8332779983905074
sample_0132,Classificação Indicativa (ClassInd),Rated 18+,Rated 18+,True,4.615648903957831e-05,2.0643444502609233e-07,1.6883008945400615e-06,0.08889148237234187,0.0002903307449509177,0.9107701356583281,0.9107701356583281
sample_0448,Classificação Indicativa (ClassInd),Rated 18+,Rated 18+,True,0.0005649441283876002,7.506080299677598e-08,9.354707130647644e-06,0.021765792448650418,0.0001913358971566961,0.9774684977578717,0.9774684977578717
sample_0085,Classificação Indicativa (ClassInd),Rated 18+,Rated 18+,True,0.0013555103235428423,1.5301528670749802e-06,0.0009192172606199032,0.015613092583774055,0.0011246968846401102,0.980985952794556,0.980985952794556
sample_0133,Classificação Indicativa (ClassInd),Rated 18+,Rated 18+,True,2.859456587374912e-10,9.437248020460525e-11,5.358717479714605e-11,1.914342311674105e-09,4.83476704758422e-06,0.9999951628847049,0.9999951628847049
sample_1162,Classificação Indicativa (ClassInd),Rated 14+,Rated 14+,True,0.0005609856116769246,6.612352981748035e-07,3.697574814476714e-06,0.9865706349028608,0.003131490764003867,0.00973252991134594,0.9865706349028608
sample_1001,Classificação Indicativa (ClassInd),Rated 18+,Rated 18+,True,3.675233366341033e-09,1.2950429866182034e-09,1.3341388983874296e-09,1.1711414457455635e-05,0.0003462934889263638,0.9996419887922009,0.9996419887922009
sample_0051,Classificação Indicativa (ClassInd),Rated 12+,Rated 12+,True,1.621144290187451e-08,4.023899567786682e-10,0.9998940692611789,7.763611653639239e-05,3.162125955780432e-07,2.7961795856502633e-05,0.9998940692611789
sample_1139,Classificação Indicativa (ClassInd),Rated 18+,Rated 18+,True,1.9120034608744475e-06,1.1539183241982511e-07,4.1509908033140487e-07,0.005271860925848998,0.01145976075148284,0.9832659358282945,0.9832659358282945
sample_1151,Classificação Indicativa (ClassInd),Rated 18+,Rated 18+,True,0.0004997889850983243,1.9576362438375012e-07,2.811338448201088e-06,0.0005529387504315328,0.0001538425022060979,0.9987904226601915,0.9987904226601915
sample_0287,Classificação Indicativa (ClassInd),Rated 14+,All ages,False,0.9999638176064407,1.3335735056953805e-10,4.617537939562658e-06,2.3667715824913784e-05,1.1867694564306044e-07,7.77832949181211e-06,0.9999638176064407
sample_0665,Classificação Indicativa (ClassInd),Rated 18+,Rated 18+,True,3.9349154662171605e-07,2.0581150963200292e-07,1.049609615186037e-08,3.6357547550921194e-05,0.00028943606037465543,0.9996735965929219,0.9996735965929219
sample_0638,Classificação Indicativa (ClassInd),Rated 18+,Rated 18+,True,0.004546142773525324,0.00096463136373064,0.006144019458478698,0.08601677371321564,0.04018109304024789,0.8621473396508017,0.8621473396508017
sample_1252,Classificação Indicativa (ClassInd),Rated 14+,Rated 14+,True,4.1393763321845175e-06,5.0896134515741035e-08,6.0141542598035684e-06,0.9959321982085038,3.7242528117891026e-05,0.004020354836651848,0.9959321982085038
sample_0253,Classificação Indicativa (ClassInd),Rated 18+,Rated 18+,True,7.16686517535002e-09,5.190057792577971e-10,6.459692790873669e-09,0.0005963627448830282,2.0298994805302216e-05,0.9993833241147481,0.9993833241147481
sample_1270,Classificação Indicativa (ClassInd),Rated 18+,Rated 18+,True,1.2071547710271478e-05,2.123696124554522e-07,4.485681814110958e-06,0.004575334898613089,0.00015540649545848354,0.9952524890067915,0.9952524890067915
sample_0063,Classificação Indicativa (ClassInd),All ages,All ages,True,0.9999379408870687,2.4334293783863907e-10,1.1793803870565733e-09,2.2446911953354736e-06,2.0271862900049216e-07,5.961028038363578e-05,0.9999379408870687
sample_1196,Classificação Indicativa (ClassInd),All ages,All ages,True,0.9996735600806324,3.761883794363381e-10,4.96541777883082e-09,0.00031916824633229,2.5145098524697296e-07,7.0148804441538315e-06,0.9996735600806324
sample_0165,Classificação Indicativa (ClassInd),Rated 18+,Rated 18+,True,1.0925509766898367e-08,1.1247858197087888e-09,1.397268411629993e-09,9.075809542924651e-06,0.0001586859099779936,0.9998322248329151,0.9998322248329151
sample_0028,Classificação Indicativa (ClassInd),Rated 18+,Rated 14+,False,7.147389536865157e-06,6.012624977168733e-07,7.051885462239599e-06,0.8657309868740345,0.0624827520671518,0.07177146052131679,0.8657309868740345
sample_1229,Classificação Indicativa (ClassInd),Rated 14+,Rated 14+,True,1.8768906195606718e-06,5.381213298453478e-08,9.044722932410335e-08,0.9992006157281336,0.00046342584792971044,0.0003339372739548972,0.9992006157281336
sample_1311,Classificação Indicativa (ClassInd),All ages,All ages,True,0.9998503013300708,1.6043442408504557e-10,2.0451555486130946e-09,9.671452433747852e-06,1.0787188166100731e-07,0.00013991714002358245,0.9998503013300708
sample_0924,Classificação Indicativa (ClassInd),Rated 18+,Rated 18+,True,1.560222035080152e-05,1.1153294473685192e-09,5.405530511862726e-09,3.418094521806221e-05,7.648166044590195e-07,0.9999494454969667,0.9999494454969667
sample_1228,Classificação Indicativa (ClassInd),Rated 14+,Rated 14+,True,1.4444813964435716e-06,4.648661853108567e-08,8.562605629267362e-06,0.9967945621347444,3.646273562232995e-05,0.003158921555988911,0.9967945621347444
sample_0561,Classificação Indicativa (ClassInd),All ages,All ages,True,0.9999523233299861,2.8931704172344325e-10,1.5782822825236861e-09,2.633458064642114e-05,2.4189300961707214e-07,2.109832875874611e-05,0.9999523233299861
sample_1243,Classificação Indicativa (ClassInd),Rated 12+,Rated 12+,True,5.884693505191389e-08,4.566192131609889e-10,0.9998955710438697,7.300421537637003e-05,4.064925967333727e-07,3.0958944602842496e-05,0.9998955710438697
sample_0499,Classificação Indicativa (ClassInd),Rated 18+,Rated 18+,True,1.1702140695067133e-06,1.552791823340951e-06,6.4598467767222976e-09,0.0020490057498766525,6.177197474445465e-05,0.9978864928096391,0.9978864928096391
sample_0859,Classificação Indicativa (ClassInd),All ages,All ages,True,0.9999422679459639,2.364494199407648e-10,2.0833867645393414e-10,5.127225893690145e-08,1.2604109123580931e-05,4.507622786547667e-05,0.9999422679459639
sample_0318,Classificação Indicativa (ClassInd),Rated 18+,Rated 18+,True,6.17784910282324e-05,1.0880921708626128e-06,0.0004756964981453463,0.011331083657095332,0.000857539882481513,0.9872728133790787,0.9872728133790787
sample_0917,Classificação Indicativa (ClassInd),All ages,All ages,True,0.9995922542282436,2.6629294645495316e-10,2.3461936035933135e-10,1.1940708448236007e-06,0.00030657322804745075,9.99779719517153e-05,0.9995922542282436
sample_1093,Classificação Indicativa (ClassInd),Rated 18+,Rated 18+,True,0.0034363265029403716,1.316559407049052e-06,0.0008597946676652366,0.013510829145357166,0.0010374129125098426,0.9811543202121202,0.9811543202121202
sample_1084,Classificação Indicativa (ClassInd),Rated 18+,Rated 18+,True,0.00014625679810677277,5.031100459385364e-07,0.0020744267172123345,0.0021885302291796737,0.0004478797734093251,0.9951424033720461,0.9951424033720461
sample_1127,Classificação Indicativa (ClassInd),Rated 18+,Rated 18+,True,5.679336705669917e-08,4.549193318149812e-09,1.9749407030560506e-09,1.7019102934133332e-06,0.0008921745257074148,0.9991060602464982,0.9991060602464982
sample_0763,Classificação Indicativa (ClassInd),All ages,All ages,True,0.9996852273280814,2.2535304302720918e-10,1.2293458864501569e-09,1.762429720025594e-05,2.4622108050403584e-07,0.00029690069893909845,0.9996852273280814
sample_0781,Classificação Indicativa (ClassInd),Rated 18+,Rated 18+,True,2.929379774264793e-05,3.078278948727281e-08,4.1769361745064204e-07,0.002303309903919332,7.23341209370976e-05,0.997594613700994,0.997594613700994
sample_1091,Classificação Indicativa (ClassInd),All ages,All ages,True,0.999981417590127,1.5720242680040772e-10,1.7120374891932955e-10,1.3106317202693466e-05,3.3111152912552073e-06,2.1646489727803644e-06,0.999981417590127
sample_0611,Classificação Indicativa (ClassInd),Rated 14+,Rated 16+,False,3.505449996582665e-06,1.6289140885251402e-07,3.4142984557089203e-07,0.011646921203939052,0.9843570724586616,0.003991996566148333,0.9843570724586616
sample_0005,Classificação Indicativa (ClassInd),All ages,All ages,True,0.9998240011222052,2.40333754261396e-10,4.418359900908808e-08,2.8038000157898083e-05,1.9865412555422893e-07,0.00014771779957860204,0.9998240011222052
sample_0492,Classificação Indicativa (ClassInd),All ages,All ages,True,0.999889544293425,1.5026009001242365e-10,2.76242161014034e-08,1.2096115363152876e-05,1.2439182383694845e-07,9.820742491182052e-05,0.999889544293425
sample_1137,Classificação Indicativa (ClassInd),Rated 18+,Rated 18+,True,1.409361608736112e-05,5.424840097437988e-08,0.0003508525638712692,0.002311685177108679,5.394125946437337e-06,0.9973179202685852,0.9973179202685852
sample_1183,Classificação Indicativa (ClassInd),Rated 18+,Rated 18+,True,7.419692897054015e-05,5.326319651850401e-07,2.9273550605585955e-06,0.0017382144843046548,0.04140651104529063,0.9567776175544084,0.9567776175544084
sample_1221,Classificação Indicativa (ClassInd),All ages,All ages,True,0.9999941485956886,4.8248913068575665e-11,5.627003486888659e-08,4.863791197390515e-06,3.916530988191738e-08,8.921295204050033e-07,0.9999941485956886
sample_0420,Classificação Indicativa (ClassInd),Rated 18+,Rated 18+,True,7.396355708815742e-10,1.9647199313822925e-11,5.720247045201299e-11,7.4711959417788054e-06,1.200310078194034e-06,0.9999913276774948,0.9999913276774948
sample_1115,Classificação Indicativa (ClassInd),Rated 18+,Rated 18+,True,0.00023729101217078938,1.0660727507962781e-07,9.556351586370853e-06,0.00729804735748655,4.0835986631595127e-05,0.9924141626848497,0.9924141626848497
sample_0769,Classificação Indicativa (ClassInd),Rated 18+,Rated 18+,True,2.4998569026685173e-05,6.364351710850517e-09,5.321070256542445e-08,0.0005540632202581926,6.676611408703791e-06,0.9994142020242521,0.9994142020242521
sample_0116,Classificação Indicativa (ClassInd),Rated 18+,Rated 18+,True,1.3824954961253059e-08,1.5832235639709575e-10,2.3188751050778341e-10,2.6496595444291433e-07,1.649125782745473e-06,0.9999980716930981,0.9999980716930981
sample_0359,Classificação Indicativa (ClassInd),Rated 16+,Rated 16+,True,0.00027383146707445674,7.004460869220284e-07,1.5456833731400982e-06,0.07323264010259802,0.9160650691737026,0.010426213127165051,0.9160650691737026
sample_1039,Classificação Indicativa (ClassInd),Rated 18+,Rated 18+,True,2.2598776288800368e-05,2.6671599330832082e-09,2.176396244145721e-09,1.2178014626219897e-07,4.996101710663245e-06,0.9999722784982982,0.9999722784982982
sample_0068,Classificação Indicativa (ClassInd),Rated 18+,Rated 18+,True,2.3977589281785865e-06,4.24895939514052e-09,5.366003924537852e-08,3.887992988982366e-06,0.0012085399120205223,0.9987851164270638,0.9987851164270638
sample_0042,Classificação Indicativa (ClassInd),Rated 18+,Rated 18+,True,7.694402827577323e-08,3.987301398349589e-09,7.54339101785238e-09,2.371955455189595e-05,6.193892420540056e-07,0.9999755725814854,0.9999755725814854
sample_0914,Classificação Indicativa (ClassInd),Rated 12+,Rated 12+,True,1.5984648326860096e-06,2.0887044468402493e-06,0.9998928428098998,9.567230519115685e-05,9.77704042873975e-07,6.820011586882114e-06,0.9998928428098998
sample_0996,Classificação Indicativa (ClassInd),Rated 18+,Rated 18+,True,2.0694243024190556e-05,1.3699698677758193e-07,5.2757190934135e-07,0.0050675615966284965,0.00010080003798556608,0.9948102795534657,0.9948102795534657
sample_0308,Classificação Indicativa (ClassInd),Rated 18+,Rated 18+,True,1.9312341388221636e-07,8.297069202857712e-08,1.7519647620634488e-08,0.00030016534921376974,0.0010681474404959704,0.9986313935965367,0.9986313935965367
sample_0989,Classificação Indicativa (ClassInd),Rated 16+,Rated 18+,False,0.0004164252414545702,8.620249861113235e-07,1.4170972615302889e-06,0.003384622341820718,0.0021272669637060933,0.994069406330771,0.994069406330771
sample_1256,Classificação Indicativa (ClassInd),Rated 18+,Rated 18+,True,5.509949408052353e-06,1.3307906095938327e-07,9.485066535988196e-06,0.0006724867351834816,0.00010496370613726286,0.9992074214636744,0.9992074214636744
sample_1182,Classificação Indicativa (ClassInd),Rated 12+,Rated 18+,False,7.251993022395148e-05,2.727311140015594e-06,1.3556098253439295e-07,0.0010008339271137278,0.0008744235080747825,0.998049359762465,0.998049359762465
sample_0536,Classificação Indicativa (ClassInd),Rated 14+,Rated 14+,True,1.6990263162285762e-06,3.5026684246769224e-08,4.9245171947859665e-06,0.9975337190739145,2.7464565477686666e-05,0.0024321577904126146,0.9975337190739145
sample_0270,Classificação Indicativa (ClassInd),Rated 18+,Rated 18+,True,5.560229693201739e-10,1.4508408022344816e-11,1.9280537042662444e-11,3.230118490300644e-09,7.4696883045423e-08,0.9999999214831865,0.9999999214831865
sample_0703,Classificação Indicativa (ClassInd),Rated 18+,Rated 18+,True,0.00025340291734841984,2.106697870202852e-06,3.46273677138947e-06,0.060277549336213626,0.4392127854001638,0.5002506929116326,0.5002506929116326
sample_1126,Classificação Indicativa (ClassInd),Rated 18+,Rated 18+,True,9.988375269053326e-08,3.2461805353142796e-08,5.4019865094803795e-08,6.201789915851925e-05,0.00018774740530536223,0.9997500483301129,0.9997500483301129
sample_0187,Classificação Indicativa (ClassInd),Rated 18+,Rated 18+,True,1.5130719606327015e-07,2.1060259326246187e-09,2.685811674508443e-07,9.122494902992498e-05,0.001125496022335205,0.9987828570342455,0.9987828570342455
sample_1194,Classificação Indicativa (ClassInd),Rated 18+,Rated 18+,True,0.0008954352657384942,1.530451471003829e-06,0.0008654106082130689,0.015854302395800293,0.0012059325395172163,0.9811773887392599,0.9811773887392599
sample_0558,Classificação Indicativa (ClassInd),Rated 18+,Rated 18+,True,5.919868156108724e-07,2.2856947079155025e-07,2.9487457813654808e-08,0.29544295528262904,0.0003145260655421922,0.7042416686080846,0.7042416686080846
sample_1232,Classificação Indicativa (ClassInd),Rated 12+,Rated 12+,True,1.291577450225964e-07,1.1568786816745043e-09,0.999993767936837,4.5534663967549335e-06,1.7016258558899925e-07,1.3781195570050882e-06,0.999993767936837
sample_1086,Classificação Indicativa (ClassInd),Rated 18+,Rated 18+,True,5.560514565517958e-07,9.072847866770099e-10,1.2991136348099913e-09,7.789840239987731e-06,1.889289111239897e-05,0.9999727590107927,0.9999727590107927
sample_0764,Classificação Indicativa (ClassInd),Rated 16+,Rated 16+,True,4.75362397413288e-06,3.0047474656394247e-06,6.818797037736257e-07,0.00535174011733801,0.9860950604799122,0.008544759151606213,0.9860950604799122
sample_0664,Classificação Indicativa (ClassInd),Rated 18+,Rated 18+,True,5.937919482617346e-06,3.323267797166755e-07,9.084761606788008e-06,0.04895975274177228,0.03846166395815445,0.9125632282922043,0.9125632282922043
sample_0868,Classificação Indicativa (ClassInd),Rated 18+,Rated 18+,True,1.3530282958236982e-07,3.758489491247059e-09,6.554626214483428e-07,3.874103742316903e-05,0.0008357717445169565,0.9991246926941194,0.9991246926941194
sample_0594,Classificação Indicativa (ClassInd),Rated 18+,Rated 18+,True,2.5362273891982897e-06,4.6581713249482945e-07,2.4383239409751015e-07,0.010926455547990148,0.0010910607435617402,0.9879792378315323,0.9879792378315323
sample_1122,Classificação Indicativa (ClassInd),Rated 18+,Rated 18+,True,1.1659251056995618e-05,7.693375351993873e-08,1.3631709162300218e-07,0.0008970918773454471,0.0005836016271222334,0.9985074339936302,0.9985074339936302
sample_0959,Classificação Indicativa (ClassInd),All ages,All ages,True,0.9999508819216464,2.9513212928436327e-10,3.2165714910780167e-10,1.1896847617724479e-05,1.0370760979886683e-05,2.6849852966836522e-05,0.9999508819216464
sample_0297,Classificação Indicativa (ClassInd),Rated 14+,Rated 14+,True,1.8068306169704705e-06,1.2823478920695605e-07,0.00014411795937720363,0.9910455365720795,0.00011404621348205968,0.008694364189654991,0.9910455365720795
sample_1002,Classificação Indicativa (ClassInd),Rated 18+,Rated 18+,True,0.00012186455378336417,2.8159873091586473e-07,3.044902897765246e-07,0.0011161969215384103,0.06530707598668922,0.9334542764489684,0.9334542764489684
sample_1016,Classificação Indicativa (ClassInd),Rated 18+,Rated 18+,True,2.299557238578368e-06,2.1237169016287425e-07,4.476776798070284e-06,0.004575379661171947,0.0001554056236409068,0.9952622260094602,0.9952622260094602
sample_0762,Classificação Indicativa (ClassInd),Rated 18+,Rated 18+,True,1.0468208717450647e-06,3.8258999196437874e-08,4.029411337781952e-08,0.009006923557282885,0.014388049201543988,0.9766039018671887,0.9766039018671887
sample_0667,Classificação Indicativa (ClassInd),Rated 18+,Rated 18+,True,4.512229368651794e-10,1.5779826888271134e-11,3.519738559406187e-10,1.5988520307520843e-06,2.6872201958749408e-08,0.9999983734567908,0.9999983734567908
sample_1213,Classificação Indicativa (ClassInd),Rated 18+,Rated 18+,True,1.4916259875685464e-05,1.5238066545540247e-07,1.3320334625535226e-07,0.0718560987487115,0.0022529843879048527,0.9258757150194963,0.9258757150194963
sample_0266,Classificação Indicativa (ClassInd),Rated 18+,Rated 18+,True,3.832158617966395e-06,1.5263040418157212e-07,3.6028846006269503e-07,0.04645497596930909,0.0001123027029205803,0.953428376250288,0.953428376250288
sample_0742,Classificação Indicativa (ClassInd),Rated 18+,Rated 18+,True,6.84992759960917e-06,4.960024336939499e-07,7.710509942919522e-07,0.026997641322139394,0.00038904971456232173,0.9726051919822706,0.9726051919822706
sample_0197,Classificação Indicativa (ClassInd),Rated 18+,Rated 18+,True,6.430189629514675e-08,4.729240164623459e-09,5.587312768293472e-08,2.4632354984957283e-05,6.0997629661171875e-05,0.9999142451110896,0.9999142451110896
sample_0717,Classificação Indicativa (ClassInd),Rated 18+,Rated 18+,True,3.6524190402742284e-05,9.449243926597394e-07,1.0284770175811607e-05,7.445067028939949e-05,0.03287126890848507,0.9670065265362544,0.9670065265362544
sample_0699,Classificação Indicativa (ClassInd),Rated 18+,Rated 18+,True,4.187786907148676e-06,1.3717411951611972e-07,6.810379620128229e-07,0.06092831438872256,0.02207063189267335,0.9169960477196154,0.9169960477196154
sample_0019,Classificação Indicativa (ClassInd),Rated 18+,Rated 18+,True,4.601055494653377e-09,2.235927086365214e-09,1.1890831218385918e-10,1.863753323330511e-06,7.217262689617058e-06,0.9999909120280961,0.9999909120280961
sample_1146,Classificação Indicativa (ClassInd),Rated 18+,Rated 18+,True,1.0547211825048085e-05,5.400709240396594e-08,5.945403491243714e-07,2.4444881056544016e-06,0.02997422277385761,0.9700121369787701,0.9700121369787701
sample_1047,Classificação Indicativa (ClassInd),Rated 18+,Rated 18+,True,0.00020730023547510287,2.491416068687354e-08,2.506658448982956e-06,0.006010946595291216,3.843506290659126e-05,0.9937407865337173,0.9937407865337173
sample_0793,Classificação Indicativa (ClassInd),Rated 18+,Rated 18+,True,0.00016122934032751382,3.9414341636965174e-08,5.6448951747132e-08,6.364277444166665e-05,0.00014774248761317962,0.9996272895343243,0.9996272895343243
sample_0097,Classificação Indicativa (ClassInd),Rated 14+,Rated 14+,True,1.5998117678519419e-06,1.1855562932941625e-07,6.443177220292803e-05,0.9916024263908539,9.307594346245847e-05,0.008238347526083349,0.9916024263908539
sample_0532,Classificação Indicativa (ClassInd),Rated 18+,Rated 18+,True,3.140165218023417e-05,1.2303388521212337e-06,7.55547578730934e-06,0.03252765817673113,0.0009048457788182187,0.966527308577631,0.966527308577631
sample_0640,Classificação Indicativa (ClassInd),Rated 18+,Rated 18+,True,2.639973482748389e-05,1.153336921479994e-06,3.9483327900098905e-06,0.005521995967399527,0.2176814837807458,0.7767650188473157,0.7767650188473157
sample_1015,Classificação Indicativa (ClassInd),Rated 18+,Rated 18+,True,2.5898204523909214e-05,9.549501291687669e-08,5.935652063345179e-07,0.024767440126236554,2.997118561078969e-05,0.9751760014234095,0.9751760014234095
sample_0436,Classificação Indicativa (ClassInd),Rated 18+,Rated 18+,True,3.55276802729841e-07,7.215598089857498e-08,3.346809288578562e-08,0.0002721124469959529,0.012472079141622,0.9872553475105055,0.9872553475105055
sample_1035,Classificação Indicativa (ClassInd),Rated 18+,Rated 18+,True,7.186214213036165e-08,5.102860729876946e-09,6.780989639681989e-09,4.4905044774929456e-05,0.0026255668303561265,0.9973294443788764,0.9973294443788764
sample_0926,Classificação Indicativa (ClassInd),Rated 18+,Rated 18+,True,0.005569978505529561,4.458730293465658e-07,5.769469632582743e-06,0.0027430558500389267,0.0003969202951981324,0.9912838300065714,0.9912838300065714
sample_0884,Classificação Indicativa (ClassInd),Rated 16+,Rated 18+,False,3.311627181735704e-05,5.770974555671216e-07,7.180266622459635e-06,0.24814283394283135,0.25602979394127207,0.4957864984800013,0.4957864984800013
sample_0734,Classificação Indicativa (ClassInd),Rated 18+,Rated 18+,True,0.0026560966511769424,4.877556154158744e-07,1.971385094258322e-06,0.03213603382063669,0.00043378775431820706,0.9647716226331584,0.9647716226331584
sample_0753,Classificação Indicativa (ClassInd),Rated 18+,Rated 18+,True,0.002150438633083855,4.6498534308414963e-07,6.119844335616415e-06,0.002824822667127852,0.0004139342536825884,0.994604219616427,0.994604219616427
sample_0775,Classificação Indicativa (ClassInd),Rated 18+,Rated 18+,True,0.0001924963377349093,2.2715364215694398e-07,3.275059288364068e-07,0.003382949602991784,0.00017818183854803073,0.9962458175611543,0.9962458175611543
sample_0083,Classificação Indicativa (ClassInd),Rated 18+,Rated 18+,True,5.576620717500697e-10,2.748454183442419e-10,5.842195901670685e-11,6.388008704119689e-07,1.1131999751274545e-07,0.9999992489882026,0.9999992489882026
sample_1167,Classificação Indicativa (ClassInd),All ages,Rated 18+,False,9.890669619622989e-06,2.1832370940990135e-08,4.237644850208345e-06,0.027904945128419116,1.816216523910299e-05,0.9720627425595011,0.9720627425595011
sample_1234,Classificação Indicativa (ClassInd),Rated 10+,Rated 12+,False,0.0015357188150105477,0.0010032493294517446,0.9946202706389724,0.0021813190027065565,8.868073972320401e-06,0.0006505741398864808,0.9946202706389724
sample_0374,Classificação Indicativa (ClassInd),All ages,All ages,True,0.9998988289900248,2.1000413778564775e-10,2.8530140342415285e-09,3.2706445706059545e-05,1.6354293164948036e-07,6.829795831946277e-05,0.9998988289900248
sample_1192,Classificação Indicativa (ClassInd),Rated 18+,Rated 18+,True,1.9313458854923644e-05,2.279725651356657e-07,1.2876746918950878e-06,0.013108431881965952,0.00017980118488002163,0.9866909378270421,0.9866909378270421
sample_1131,Classificação Indicativa (ClassInd),Rated 14+,Rated 16+,False,0.0011673984774251468,6.354523640019977e-06,2.578773861553273e-06,0.04098188768747017,0.8622590058523065,0.09558277468529662,0.8622590058523065
sample_0217,Classificação Indicativa (ClassInd),All ages,All ages,True,0.9989064432758294,3.9124103445744256e-10,4.6197282358279125e-08,2.9648733543862537e-06,0.001036049670552945,5.4495591739694895e-05,0.9989064432758294
sample_0617,Classificação Indicativa (ClassInd),Rated 18+,Rated 18+,True,0.2803945939554696,3.6155942693839445e-07,0.0025525052100740867,0.0015727846062454193,0.00032186825828351025,0.7151578864105005,0.7151578864105005
sample_0581,Classificação Indicativa (ClassInd),All ages,All ages,True,0.999789059282649,4.5144090709398435e-10,8.84493201227413e-08,6.645368402579551e-05,3.982872204162529e-07,0.00014399984534400125,0.999789059282649
sample_0362,Classificação Indicativa (ClassInd),Rated 14+,All ages,False,0.9999692708939919,5.033667441593641e-10,4.273782925512133e-08,2.5950236861126633e-05,5.167526679314448e-07,4.2188752828639815e-06,0.9999692708939919
sample_0834,Classificação Indicativa (ClassInd),Rated 14+,Rated 14+,True,0.00012333305726322416,3.3434350761448175e-08,1.1223820340842821e-05,0.997842020217809,2.621170510792504e-05,0.0019971777651282795,0.997842020217809
sample_1033,Classificação Indicativa (ClassInd),Rated 18+,Rated 18+,True,4.0866770418611144e-08,2.5693323673040635e-08,3.23139416773565e-09,5.717093075186011e-06,0.00040664152339970293,0.9995875715920368,0.9995875715920368
sample_0168,Classificação Indicativa (ClassInd),Rated 18+,Rated 18+,True,6.180947359077913e-07,6.248266254785888e-09,5.357351402986567e-09,4.691412261411188e-06,0.0006028371622792918,0.9993918417251059,0.9993918417251059
sample_1229,Classificação Indicativa (ClassInd),Rated 18+,Rated 18+,True,7.484079832046603e-05,1.6672740037114435e-07,7.319092855773772e-07,0.03765254208849731,4.878431439972965e-05,0.9622229341620965,0.9622229341620965
sample_0457,Classificação Indicativa (ClassInd),Rated 18+,Rated 18+,True,1.9362725229107028e-06,3.8744721663306004e-09,2.2346224468449006e-08,0.00018977205818843942,1.1003873434594749e-05,0.9997972615751574,0.9997972615751574
sample_0597,Classificação Indicativa (ClassInd),Rated 18+,Rated 18+,True,1.7372248897933684e-06,1.4198207963602434e-07,5.712797340968897e-07,0.0014971246752262372,0.00010442299398661575,0.9983960018440836,0.9983960018440836
sample_0882,Classificação Indicativa (ClassInd),All ages,All ages,True,0.9999762026384855,8.261813239894303e-11,2.0489906664111436e-07,1.7786322105402835e-05,6.489832656567937e-08,5.741159397562055e-06,0.9999762026384855
sample_0636,Classificação Indicativa (ClassInd),Rated 18+,Rated 18+,True,1.5856414160560515e-09,1.111891606920466e-10,1.1400425397123392e-10,5.922642672735546e-07,5.1372457424788496e-06,0.9999942686791555,0.9999942686791555
sample_0911,Classificação Indicativa (ClassInd),Rated 18+,Rated 18+,True,0.0008860927256426518,1.955623329370163e-07,1.0024318467210976e-06,0.001195745575204423,0.00015353454162788188,0.9977634291633453,0.9977634291633453
sample_0660,Classificação Indicativa (ClassInd),Rated 18+,Rated 18+,True,4.765676756986435e-05,4.3269282266781185e-07,1.2276021495728877e-06,0.03082973590092061,0.0003166332245153437,0.9688043138120219,0.9688043138120219
sample_0169,Classificação Indicativa (ClassInd),Rated 18+,Rated 18+,True,9.722802851985767e-08,2.435546649688553e-09,3.6727960891542952e-09,2.7735331711005067e-05,1.6033066520012287e-05,0.9999561282653978,0.9999561282653978
sample_0480,Classificação Indicativa (ClassInd),All ages,All ages,True,0.9999094130419248,3.5210617562457416e-10,1.920594227883628e-09,8.36671975598265e-06,2.943371450874766e-07,8.192362847363644e-05,0.9999094130419248
sample_0177,Classificação Indicativa (ClassInd),Rated 14+,Rated 14+,True,2.061283434831139e-05,3.3437785569036726e-08,1.1224973396380055e-05,0.9979445314155792,2.6214397912228497e-05,0.001997382940978479,0.9979445314155792
sample_0282,Classificação Indicativa (ClassInd),Rated 18+,Rated 18+,True,2.0909414875667037e-07,3.6563763274381668e-09,8.508230993167065e-09,1.678137285813709e-05,8.056393652819338e-07,0.9999821917290205,0.9999821917290205
sample_0772,Classificação Indicativa (ClassInd),Rated 18+,Rated 18+,True,0.0001164723086255098,1.3215743967417566e-06,0.00038816969421821845,0.013630969549343439,0.0009713696948851064,0.984891697178531,0.984891697178531
