sample_id,authority,true_label,predicted_label,is_correct,proba__Rated for 12+,proba__Rated for 16+,proba__Rated for 18+,proba__Rated for 19+,proba__Rated for 3+,proba__Rated for 7+,confidence
sample_0386,Google Play,Rated for 19+,Rated for 19+,True,5.6117402881584415e-08,2.516752127496926e-09,5.425375052108156e-09,0.999999914423547,2.1433716144590285e-08,8.320695466012398e-11,0.999999914423547
sample_0845,Google Play,Rated for 19+,Rated for 19+,True,1.0577049550954463e-06,1.2297505631049228e-05,8.245885752898829e-06,0.9999278741142168,5.02938538531107e-05,2.309355910853546e-07,0.9999278741142168
sample_1305,Google Play,Rated for 12+,Rated for 12+,True,0.9997448753412019,3.604683263332029e-08,2.3715629267035937e-08,0.0002550627341075831,1.498296672738243e-09,6.639319002297136e-10,0.9997448753412019
sample_1043,Google Play,Rated for 18+,Rated for 18+,True,2.45619393021767e-07,5.019241357465218e-06,0.9999930595401259,1.0819011977346505e-06,5.345297175563583e-07,5.916820852815616e-08,0.9999930595401259
sample_0902,Google Play,Rated for 12+,Rated for 12+,True,0.9999096123989789,5.593633498248552e-06,3.157287423071883e-06,2.6429753498359424e-05,5.511663598452351e-05,9.02906167675094e-08,0.9999096123989789
sample_1114,Google Play,Rated for 12+,Rated for 12+,True,0.9998930446354585,2.8423537155220738e-08,1.870166624174467e-08,0.00010689965608635722,8.059730213142114e-09,5.235215317440036e-10,0.9998930446354585
sample_0290,Google Play,Rated for 12+,Rated for 12+,True,0.9164241021434237,1.3556907835550284e-05,6.479471735678536e-06,2.876120613010011e-05,0.08352692099339917,1.7927747571127157e-07,0.9164241021434237
sample_0427,Google Play,Rated for 18+,Rated for 18+,True,1.809564091676177e-05,0.0003746265792264928,0.9996040611722227,2.5946975309983093e-06,5.595609661970862e-07,6.234913695138611e-08,0.9996040611722227
sample_0705,Google Play,Rated for 18+,Rated for 18+,True,1.892989266465303e-07,6.790629936070917e-07,0.999999106545383,4.882422520980332e-09,1.6132355129733924e-08,4.077918980995094e-09,0.999999106545383
sample_0299,Google Play,Rated for 19+,Rated for 19+,True,9.858530436452854e-05,5.0030039606824683e-05,2.4114296864606783e-05,0.9994046258754317,0.0004219698977424807,6.74585989805524e-07,0.9994046258754317
sample_0833,Google Play,Rated for 18+,Rated for 18+,True,0.00024307569407333205,1.6622816169247805e-05,0.99973671819396,1.3887059267151413e-06,1.5610004596829098e-06,6.33589411028213e-07,0.99973671819396
sample_1141,Google Play,Rated for 18+,Rated for 18+,True,1.3532411581585162e-05,0.0007875591888172757,0.9991739926287597,1.8143323238171627e-07,4.391038136269592e-07,2.4295233795441964e-05,0.9991739926287597
sample_0318,Google Play,Rated for 12+,Rated for 12+,True,0.9996885155808226,5.119383957445392e-06,3.41096491408259e-06,2.7881293317469532e-05,0.00027497840081457987,9.43761740182938e-08,0.9996885155808226
sample_1095,Google Play,Rated for 19+,Rated for 19+,True,0.0002072002941723747,1.953650711647063e-05,1.2871100343353004e-05,0.9997473178852658,1.2713805513356892e-05,3.6040758853310504e-07,0.9997473178852658
sample_0197,Google Play,Rated for 19+,Rated for 19+,True,8.564708091942867e-08,8.931420298718481e-09,5.903197517168864e-09,0.9999998678069165,3.164291295837243e-08,6.84716997846406e-11,0.9999998678069165
sample_0148,Google Play,Rated for 16+,Rated for 19+,False,1.5584115107673097e-05,9.780651771245266e-06,5.303665225785108e-06,0.9999322204489193,3.657900306995186e-05,5.321159060593369e-07,0.9999322204489193
sample_0264,Google Play,Rated for 19+,Rated for 19+,True,0.00030834117827681774,0.00016338080814530374,9.401212976226364e-05,0.9994135495891013,1.7996723459265506e-05,2.719571254908879e-06,0.9994135495891013
sample_0269,Google Play,Rated for 12+,Rated for 12+,True,0.9999528634353184,4.751495139263296e-06,2.6819482986649884e-06,2.3677846586038696e-05,1.5948577564917845e-05,7.669709265475406e-08,0.9999528634353184
sample_0797,Google Play,Rated for 18+,Rated for 18+,True,1.8334550720237657e-05,6.326564970803421e-06,0.9999739804154082,5.680614171367944e-07,7.783339180541244e-07,1.2073565530101346e-08,0.9999739804154082
sample_0452,Google Play,Rated for 18+,Rated for 18+,True,0.21034666346382705,0.036830101644278135,0.7525499776769986,0.0002101727931678329,3.313406550100969e-05,2.9950356227351517e-05,0.7525499776769986
sample_0575,Google Play,Rated for 19+,Rated for 19+,True,1.5322703670129908e-06,2.7481969985409597e-05,1.3370878489206151e-05,0.9995696495243863,0.00038759503167092713,3.7032510117973623e-07,0.9995696495243863
sample_0890,Google Play,Rated for 18+,Rated for 18+,True,0.00017135462660598983,0.0009577349834780362,0.9988273944528584,4.5759021258743045e-06,3.8673175479796506e-05,2.668594519714807e-07,0.9988273944528584
sample_0222,Google Play,Rated for 3+,Rated for 19+,False,0.0003886972091375118,0.00039543759299527333,9.786231141086783e-06,0.9989343213452423,0.0002716948215320102,6.279995188948964e-08,0.9989343213452423
sample_0184,Google Play,Rated for 19+,Rated for 19+,True,0.00031370973343595066,3.0445489406702983e-05,2.0059663666629064e-05,0.9995979233752469,3.7300082808114544e-05,5.616554358137642e-07,0.9995979233752469
sample_0966,Google Play,Rated for 18+,Rated for 18+,True,5.311664902403978e-06,0.0008559197602145008,0.9991302129928358,3.571126254268285e-07,8.19072880020637e-06,7.740621713436553e-09,0.9991302129928358
sample_1196,Google Play,Rated for 18+,Rated for 18+,True,5.095773829758724e-07,4.48762669649375e-07,0.9999985933149064,3.700263179351926e-07,7.26526912779253e-08,5.666031747585404e-09,0.9999985933149064
sample_0429,Google Play,Rated for 18+,Rated for 18+,True,2.0699406521191595e-07,1.0471654387986868e-08,0.999999745530474,1.4193325544333013e-08,2.2647749571453085e-08,1.6273128795827017e-10,0.999999745530474
sample_1169,Google Play,Rated for 3+,Rated for 19+,False,7.034273755974101e-05,4.013886226225767e-05,1.9346785411451243e-05,0.9992813924131397,0.0005882379845031303,5.41217123585068e-07,0.9992813924131397
sample_0544,Google Play,Rated for 19+,Rated for 19+,True,3.2419431617490365e-07,1.743888622408589e-09,5.32095722564908e-09,0.999999399674927,2.6747552316384325e-07,1.5903876591908234e-09,0.999999399674927
sample_0693,Google Play,Rated for 12+,Rated for 12+,True,0.9999561018161918,4.916031505341693e-06,2.774819703167971e-06,2.5582156161446116e-05,1.054582345295346e-05,7.935298528314217e-08,0.9999561018161918
sample_0181,Google Play,Rated for 16+,Rated for 18+,False,0.0005320600064510298,0.04018108694192588,0.9580862879630162,8.277648776925251e-06,0.0011875363952226494,4.751044607406986e-06,0.9580862879630162
sample_1189,Google Play,Rated for 18+,Rated for 18+,True,2.3471827992011107e-06,4.250116731427445e-06,0.9999925751077343,3.389361956597593e-07,4.803311755289248e-07,8.325363804596387e-09,0.9999925751077343
sample_0112,Google Play,Rated for 12+,Rated for 12+,True,0.9998387122281444,3.1239428116869977e-08,2.0798189985287332e-08,0.00016123399917447037,1.1590802966889445e-09,5.759827679009452e-10,0.9998387122281444
sample_1256,Google Play,Rated for 12+,Rated for 12+,True,0.9998967015310639,3.490467935157986e-08,2.2972194109184867e-08,0.00010321984626972976,2.01024404787997e-08,6.433525109565681e-10,0.9998967015310639
sample_0250,Google Play,Rated for 19+,Rated for 19+,True,2.1366127182529496e-06,0.0003630408971733578,6.66759583395748e-06,0.999540168472842,8.693024873935776e-05,1.0561726929631478e-06,0.999540168472842
sample_0598,Google Play,Rated for 19+,Rated for 19+,True,0.20470864694757332,0.03800855765716038,0.04159896204680492,0.5661819594393498,0.14404438437157685,0.005457489537534723,0.5661819594393498
sample_1297,Google Play,Rated for 12+,Rated for 12+,True,0.9961008416052558,0.000143037882761872,0.0036233125115852404,4.303293835886632e-05,7.362485517230036e-05,1.6150206866197586e-05,0.9961008416052558
sample_0540,Google Play,Rated for 19+,Rated for 19+,True,8.803559286414145e-08,3.6554858948357006e-09,5.866477686331849e-09,0.9999997622552362,1.3994507557769943e-07,2.421317463615674e-10,0.9999997622552362
sample_0643,Google Play,Rated for 19+,Rated for 19+,True,3.611514952015052e-06,5.2458060868685294e-05,2.980500852765083e-05,0.9997019314361149,0.0002113314181335349,8.625614031962479e-07,0.9997019314361149
sample_0085,Google Play,Rated for 12+,Rated for 12+,True,0.9999339865461362,5.593769850619146e-06,3.1573643862166645e-06,2.643041317321027e-05,3.074161363618457e-05,9.02928177232285e-08,0.9999339865461362
sample_0104,Google Play,Rated for 12+,Rated for 12+,True,0.9999385132947525,4.751426951426009e-06,2.681909810515713e-06,2.336634939938085e-05,3.061032309405972e-05,7.669599198881186e-08,0.9999385132947525
sample_0971,Google Play,Rated for 19+,Rated for 19+,True,8.794979965333393e-07,1.8326392359066214e-05,1.0441742905677162e-05,0.9998176494830209,0.00015240096547332072,3.019182445580103e-07,0.9998176494830209
sample_0883,Google Play,Rated for 3+,Rated for 3+,True,0.0038512291022758725,0.0045968607698532666,0.019474464478556566,7.057456619654073e-05,0.9720049909830853,1.8801000324201458e-06,0.9720049909830853
sample_1022,Google Play,Rated for 19+,Rated for 12+,False,0.6240740127968865,0.11821996411122354,0.005440005883098334,0.03240025058476277,0.21981059536312722,5.5171260901658206e-05,0.6240740127968865
sample_1165,Google Play,Rated for 19+,Rated for 19+,True,2.3924343179582183e-06,2.504600708841918e-06,6.692316371858909e-08,0.9999949939698055,4.1569581682062815e-08,5.024221777661707e-10,0.9999949939698055
sample_0075,Google Play,Rated for 19+,Rated for 19+,True,7.4697703691811e-05,7.411151032704596e-06,4.9408757434958414e-06,0.9999113944440419,1.4189635599350805e-06,1.3686193014415787e-07,0.9999113944440419
sample_0688,Google Play,Rated for 19+,Rated for 19+,True,1.102147253019192e-06,1.9767190419071054e-05,9.617325635805699e-06,0.9997430516762823,0.0002261952935226877,2.66366886939619e-07,0.9997430516762823
sample_0945,Google Play,Rated for 19+,Rated for 19+,True,0.001977075199829033,5.8106995459336505e-05,0.0001288203549192678,0.9972493509685124,0.00023885774387202654,0.0003477887374078069,0.9972493509685124
sample_0678,Google Play,Rated for 19+,Rated for 19+,True,0.00045801813211700265,4.079200892348196e-05,2.277534094232965e-05,0.9994581483573352,1.9606781835238052e-05,6.593788467189414e-07,0.9994581483573352
sample_0741,Google Play,Rated for 19+,Rated for 19+,True,4.989919185244523e-09,4.386266707735979e-07,1.3759886599846567e-08,0.9999995412233813,1.3558477447549887e-09,4.429452010235627e-11,0.9999995412233813
sample_0160,Google Play,Rated for 19+,Rated for 19+,True,5.321455863494048e-06,7.794445708741193e-05,6.734909729835294e-07,0.9999133280175209,2.725124858761796e-06,7.453696503179728e-09,0.9999133280175209
sample_0587,Google Play,Rated for 19+,Rated for 19+,True,0.00016099784781330276,1.3185124508769943e-05,8.836419015109481e-06,0.9998040066349142,1.2726610203958746e-05,2.4736354476722344e-07,0.9998040066349142
sample_1131,Google Play,Rated for 18+,Rated for 18+,True,0.0021447971493416735,0.0026628194662361854,0.9951702370592574,9.976538251263907e-06,1.1889581076816944e-05,2.8020583649518073e-07,0.9951702370592574
sample_0527,Google Play,Rated for 19+,Rated for 19+,True,7.318182591281647e-09,5.773031049986533e-08,2.7868832382961273e-08,0.9999999031201262,3.834975899477601e-09,1.2757236872136855e-10,0.9999999031201262
sample_0288,Google Play,Rated for 18+,Rated for 18+,True,3.2648497222653964e-08,5.940854756777298e-08,0.9999997258927554,3.097729571129842e-08,1.5016809773088332e-07,9.048063939299704e-10,0.9999997258927554
sample_1210,Google Play,Rated for 18+,Rated for 18+,True,0.0003456540616144615,0.0005764877544660432,0.9987746991685027,0.00027931001562753226,1.4601867842249421e-05,9.24713194727278e-06,0.9987746991685027
sample_0118,Google Play,Rated for 19+,Rated for 19+,True,6.166526775013613e-06,0.0001970498907162691,2.1923729623212166e-07,0.9997965120159269,4.164163821976604e-08,1.0687647435761646e-08,0.9997965120159269
sample_0444,Google Play,Rated for 12+,Rated for 12+,True,0.9986677677645769,1.5076122801220935e-05,7.205030878091092e-06,4.362803235941123e-05,0.001266123681706406,1.9936767824211768e-07,0.9986677677645769
sample_1266,Google Play,Rated for 12+,Rated for 12+,True,0.9982750696534817,0.00012069186126528781,9.05170505100473e-05,0.0008282884489969,0.0006844071633857726,1.0258223601649014e-06,0.9982750696534817
sample_0474,Google Play,Rated for 19+,Rated for 19+,True,0.0002634775491813103,2.1866033039509065e-06,5.26990963555142e-06,0.9997276094433147,8.558788783348806e-07,6.006156860704188e-07,0.9997276094433147
sample_0371,Google Play,Rated for 18+,Rated for 18+,True,7.229195480358786e-06,6.017818943734617e-06,0.9999767620819413,3.0451035504037746e-07,9.670293332090177e-06,1.6099947401405335e-08,0.9999767620819413
sample_1195,Google Play,Rated for 18+,Rated for 16+,False,0.006944062450829562,0.9585099087472443,0.033977925712929125,0.00013686548209760553,0.0004279222618859119,3.315345013743861e-06,0.9585099087472443
sample_0765,Google Play,Rated for 19+,Rated for 19+,True,5.925757831211237e-06,0.004736978260074897,4.154824463414835e-07,0.9952565855695279,7.625883936151458e-08,1.8671280219851956e-08,0.9952565855695279
sample_0981,Google Play,Rated for 18+,Rated for 18+,True,1.798656824722287e-06,8.784093513317243e-08,0.9999976281826248,3.0324322238777846e-07,1.710800386984489e-07,1.099635411821388e-08,0.9999976281826248
sample_0658,Google Play,Rated for 19+,Rated for 19+,True,6.252035984036841e-07,2.3112860121257774e-08,1.9661460451975396e-07,0.9999990722417681,3.8246556467019175e-08,4.458061254908438e-08,0.9999990722417681
sample_1109,Google Play,Rated for 19+,Rated for 19+,True,2.0107188361515878e-06,2.6521467233654336e-08,4.9049506922752955e-08,0.9999976315461229,2.8181007111209316e-07,3.539958020952082e-10,0.9999976315461229
sample_0163,Google Play,Rated for 18+,Rated for 18+,True,0.00031057434192477797,0.09110018894148528,0.9019505207158418,1.90700622121168e-05,0.006619212235525201,4.3370301090643027e-07,0.9019505207158418
sample_1133,Google Play,Rated for 18+,Rated for 18+,True,4.454673501724577e-07,1.4933722787748402e-05,0.9999844656162545,7.10629490173237e-08,8.142433925058099e-08,2.7063196437868228e-09,0.9999844656162545
sample_1055,Google Play,Rated for 18+,Rated for 18+,True,1.5130527191455807e-06,8.375154844605647e-06,0.9999893455763372,6.327642568419388e-08,7.021647988887346e-07,7.748745917260628e-10,0.9999893455763372
sample_0006,Google Play,Rated for 18+,Rated for 18+,True,5.268637312779049e-05,0.0013917347727692901,0.9985522776982201,1.5072049919830899e-06,1.7604636925850176e-06,3.3487198352196046e-08,0.9985522776982201
sample_0766,Google Play,Rated for 18+,Rated for 18+,True,2.2606438158410033e-05,0.0007554786605089861,0.9991359700446356,2.6577112301972933e-06,8.321777487890856e-05,6.937058792280056e-08,0.9991359700446356
sample_0305,Google Play,Rated for 18+,Rated for 18+,True,6.946943009255585e-07,1.1898347221980288e-07,0.9999990271295333,1.4573288725551526e-07,8.21155998339912e-09,5.248246461026026e-09,0.9999990271295333
sample_0767,Google Play,Rated for 19+,Rated for 19+,True,3.000173790734967e-05,7.123191455376652e-08,4.802540111559903e-08,0.999383068401845,0.0005868098052111291,7.977207251149261e-10,0.999383068401845
sample_0060,Google Play,Rated for 18+,Rated for 18+,True,0.0005882021428408603,0.3944830001946347,0.6039693478774358,0.0003783038905747218,0.0005764232318467589,4.722662667069179e-06,0.6039693478774358
sample_0847,Google Play,Rated for 19+,Rated for 19+,True,3.0595838370916286e-07,8.009486133752117e-05,4.463066559296642e-07,0.9999163630065875,2.7722359317857496e-06,1.763110355594105e-08,0.9999163630065875
sample_1080,Google Play,Rated for 18+,Rated for 18+,True,0.00024931126330979655,0.006355809387935971,0.9932735993248006,1.4384530493661821e-05,0.00010674861552042165,1.4687793936788723e-07,0.9932735993248006
sample_0445,Google Play,Rated for 18+,Rated for 18+,True,0.015103676829442978,0.10960668241520398,0.8749202108297717,0.00012878190011598008,0.00020850937665348448,3.213864881165431e-05,0.8749202108297717
sample_0794,Google Play,Rated for 12+,Rated for 12+,True,0.999555027791906,1.3567631897614006e-05,6.484107887272308e-06,3.919498457857249e-05,0.0003855460644391752,1.7941929144089634e-07,0.999555027791906
sample_1285,Google Play,Rated for 12+,Rated for 12+,True,0.9975300404769831,0.0015186796671393234,0.00026839065329012444,0.0005404641971675938,0.0001388359709206335,3.58903449914949e-06,0.9975300404769831
sample_0583,Google Play,Rated for 19+,Rated for 19+,True,6.171529964907956e-05,0.0006065685162515491,4.802986715469919e-06,0.9993224546971919,2.4009085156704704e-06,2.057591676082837e-06,0.9993224546971919
sample_1166,Google Play,Rated for 18+,Rated for 18+,True,2.6258374156818342e-06,2.0056692734081272e-05,0.999977094854169,4.6160034898453275e-08,1.6178080680273495e-07,1.4674839575453049e-08,0.999977094854169
sample_0967,Google Play,Rated for 19+,Rated for 19+,True,7.872694503454113e-05,4.2424707247419435e-05,2.044855436849889e-05,0.9993042710940044,0.000553556660758602,5.720385863297626e-07,0.9993042710940044
sample_1032,Google Play,Rated for 19+,Rated for 19+,True,8.293361679600938e-08,4.295415629961157e-10,1.0889554229354687e-08,0.9999998869666741,1.7598654497678566e-08,1.1819588661905438e-09,0.9999998869666741
sample_1190,Google Play,Rated for 18+,Rated for 18+,True,1.1061447457781691e-05,4.629387553995114e-05,0.9999416538909448,5.6389247582593945e-08,9.31085284960751e-07,3.3115246840878967e-09,0.9999416538909448
sample_0783,Google Play,Rated for 12+,Rated for 12+,True,0.9996783308502076,4.9480071315744895e-06,3.296779233736743e-06,2.6779015883881804e-05,0.00028655413071210423,9.121683116072758e-08,0.9996783308502076
sample_0157,Google Play,Rated for 18+,Rated for 18+,True,0.004745077825126425,7.680536840459347e-05,0.9951751993791262,2.6233282175189726e-06,2.6191599346506034e-07,3.21831320276328e-08,0.9951751993791262
sample_0683,Google Play,Rated for 19+,Rated for 19+,True,3.048521261461909e-06,1.0357568048048762e-08,2.0503426921567028e-08,0.9988060913033866,0.0011908285721232246,7.422336623667202e-10,0.9988060913033866
sample_1228,Google Play,Rated for 12+,Rated for 12+,True,0.9998293944125936,2.9480589143304666e-08,1.9397168471933753e-08,0.0001705522935531608,3.873104629970964e-09,5.429909409492227e-10,0.9998293944125936
sample_0322,Google Play,Rated for 18+,Rated for 18+,True,2.8620071666015605e-06,6.618653470690253e-07,0.999995624966762,4.721710200317285e-07,3.62595670905633e-07,1.63940333801015e-08,0.999995624966762
sample_1232,Google Play,Rated for 12+,Rated for 12+,True,0.9979645249474302,0.0014022283400713952,0.00046379657537587036,6.515375191942139e-06,1.9482729875551027e-05,0.0001434520320549017,0.9979645249474302
sample_0750,Google Play,Rated for 19+,Rated for 19+,True,3.2652411431619086e-06,6.956537425475825e-09,3.227203772446288e-09,0.99999672377706,7.674099120107277e-10,3.064576096430457e-11,0.99999672377706
sample_0591,Google Play,Rated for 19+,Rated for 19+,True,6.230784228163466e-10,1.3119514270754081e-06,6.785874878708793e-08,0.9999986150402148,4.263942732482258e-09,2.625882691533853e-10,0.9999986150402148
sample_1117,Google Play,Rated for 12+,Rated for 12+,True,0.9989085039136679,0.00010115116280148454,0.00015545447698317149,0.0005788454927139741,0.00025462298571527403,1.4219681181843636e-06,0.9989085039136679
sample_0545,Google Play,Rated for 12+,Rated for 12+,True,0.999936687783518,5.747071168201457e-06,3.828962016929887e-06,3.0915239481641276e-05,2.271499618701426e-05,1.0594762830337782e-07,0.999936687783518
sample_0380,Google Play,Rated for 18+,Rated for 18+,True,3.1107457633323755e-06,5.041422105800483e-06,0.9999887069013178,3.037707788219943e-07,2.8260413322372003e-06,1.1118702096780834e-08,0.9999887069013178
sample_1234,Google Play,Rated for 3+,Rated for 3+,True,0.033025892754656526,0.002014763121273902,0.02611156958801491,4.543752294895504e-05,0.9378695558925528,0.0009327811205527994,0.9378695558925528
sample_0533,Google Play,Rated for 12+,Rated for 12+,True,0.9990811914006675,0.00028631197122981085,9.949309969376509e-05,0.00038702400187014344,0.000144872607450609,1.1069190879946588e-06,0.9990811914006675
sample_0687,Google Play,Rated for 18+,Rated for 18+,True,1.6063130859823932e-07,8.357243289559786e-06,0.9999910626922867,3.689501998042271e-07,2.769925765946108e-08,2.2783657753050017e-08,0.9999910626922867
sample_1298,Google Play,Rated for 12+,Rated for 12+,True,0.9998552729088699,3.462721410103158e-08,1.9304034809091992e-08,0.00014467155313832082,1.0479037674254855e-09,5.588391815683976e-10,0.9998552729088699
sample_0156,Google Play,Rated for 19+,Rated for 19+,True,3.980266503904653e-05,7.487013364461763e-06,2.9584111238076375e-07,0.9999523343677253,7.618887580279764e-08,3.92388286056705e-09,0.9999523343677253
sample_1293,Google Play,Rated for 7+,Rated for 7+,True,1.3237686387375474e-05,1.321257317521299e-06,2.1628238034063658e-07,2.9351867887223633e-08,2.1493853054853346e-07,0.9999849804835163,0.9999849804835163
sample_0590,Google Play,Rated for 19+,Rated for 19+,True,2.7720424051368244e-07,3.5729638839428073e-06,2.423377771534731e-06,0.9999832592622225,1.0400073188024638e-05,6.711869356689303e-08,0.9999832592622225
sample_0458,Google Play,Rated for 18+,Rated for 18+,True,2.0060991300135435e-07,3.3419206439442366e-09,0.9999997615772951,1.2055457187607876e-08,2.1512881670503612e-08,9.025324941542756e-10,0.9999997615772951
sample_0417,Google Play,Rated for 18+,Rated for 18+,True,4.319645487187263e-08,3.894296288431562e-09,0.9999999236796251,8.845016202184563e-09,1.9416200791100368e-08,9.68406722468622e-10,0.9999999236796251
sample_1031,Google Play,Rated for 18+,Rated for 18+,True,2.0897172305366277e-08,8.782180167494352e-07,0.999998431697235,8.234340419135656e-09,6.607183789622805e-07,2.348564074905927e-10,0.999998431697235
sample_1218,Google Play,Rated for 19+,Rated for 19+,True,1.1152727986940274e-08,1.0529135880191853e-08,1.600343561939463e-08,0.999999961043236,1.1867359076722438e-09,8.47285971788155e-11,0.999999961043236
sample_0216,Google Play,Rated for 18+,Rated for 18+,True,1.4718471335069428e-08,1.98848692478989e-08,0.9999999570774188,3.717258711470182e-10,7.614155618588106e-09,3.333590617046321e-10,0.9999999570774188
sample_1127,Google Play,Rated for 18+,Rated for 18+,True,1.2409709632616262e-07,1.0372669272632843e-06,0.9999985900409203,3.5569841008392216e-08,2.0999038314545681e-07,3.0348319509030117e-09,0.9999985900409203
sample_0932,Google Play,Rated for 16+,Rated for 3+,False,0.08018929001040898,0.2613683400768612,0.010240879577748122,0.04000124576738395,0.6081020732365707,9.817133102692089e-05,0.6081020732365707
sample_0499,Google Play,Rated for 18+,Rated for 18+,True,7.19348165884685e-05,1.74751363884173e-05,0.999906386148576,4.39812311735417e-07,3.7595402300013563e-06,4.545905500078976e-09,0.999906386148576
sample_1077,Google Play,Rated for 18+,Rated for 18+,True,2.1686200683219337e-08,4.70939887579169e-08,0.9999999272407882,3.778808910738845e-10,2.7187482152434417e-09,8.823935165969333e-10,0.9999999272407882
sample_0106,Google Play,Rated for 18+,Rated for 18+,True,3.361611853523015e-06,1.6023071347202326e-07,0.9998577853929409,5.540095955280542e-08,0.00013863532185867962,2.041673783682257e-09,0.9998577853929409
sample_0386,Google Play,Rated for 19+,Rated for 19+,True,2.3592990850381217e-09,3.2997343817488896e-08,2.654036953953651e-08,0.9999999364363672,1.3568818883615636e-09,3.097383463128895e-10,0.9999999364363672
sample_1033,Google Play,Rated for 18+,Rated for 18+,True,8.758593458867991e-07,8.440441230504447e-06,0.9999891120548862,6.512894531364745e-08,1.5047121264100227e-06,1.803465774722446e-09,0.9999891120548862
sample_0667,Google Play,Rated for 18+,Rated for 18+,True,1.8590555892520616e-06,2.3657770878116535e-06,0.9999952963395327,1.0152348639017516e-07,3.695038091634468e-07,7.800494629751376e-09,0.9999952963395327
sample_1011,Google Play,Rated for 12+,Rated for 12+,True,0.9999399569072794,5.406599815029623e-06,3.0517175647851658e-06,2.619652108743485e-05,2.5300982673381084e-05,8.727157974632728e-08,0.9999399569072794
sample_0411,Google Play,Rated for 18+,Rated for 18+,True,7.617792342993649e-08,2.4350564752493763e-07,0.9999996376349457,3.486319587965213e-08,6.82435427203404e-09,9.939331489378218e-10,0.9999996376349457
sample_0913,Google Play,Rated for 19+,Rated for 19+,True,7.916576250871766e-08,2.3266060067177153e-10,6.448403616129474e-10,0.9999924604038714,7.459496331918126e-06,5.653340694751228e-11,0.9999924604038714
sample_0397,Google Play,Rated for 18+,Rated for 18+,True,1.180946660263939e-05,2.712184888591251e-05,0.9999499989170137,4.180518288158132e-06,6.782858873498959e-06,1.0639033608560919e-07,0.9999499989170137
sample_0454,Google Play,Rated for 18+,Rated for 18+,True,2.35419118675407e-07,3.8748294150715456e-08,0.9999996932791687,6.069507285859296e-09,2.6331514619473302e-08,1.5239641381969042e-10,0.9999996932791687
sample_0023,Google Play,Rated for 18+,Rated for 18+,True,0.01629745545831717,0.00010603768971015424,0.9835932339717112,2.6049508859946527e-06,3.871032106158542e-07,2.808261649805227e-07,0.9835932339717112
sample_0818,Google Play,Rated for 19+,Rated for 19+,True,4.165173463505429e-06,3.234832169240627e-08,7.544216174485242e-07,0.9999938861969151,1.1291084138015198e-06,3.27512685114694e-08,0.9999938861969151
sample_0949,Google Play,Rated for 19+,Rated for 19+,True,3.2177495591929325e-06,4.448820292950702e-08,2.673201641627521e-08,0.9992700267084059,0.0007266834597976445,8.620180250506549e-10,0.9992700267084059
sample_1030,Google Play,Rated for 19+,Rated for 19+,True,4.147485165622711e-07,6.962122381396382e-06,4.680880292952414e-06,0.9999310688877259,5.6742460639028704e-05,1.3090044429237164e-07,0.9999310688877259
sample_0677,Google Play,Rated for 16+,Rated for 16+,True,0.003097234152282913,0.970650422463746,0.02305915097030979,0.00031573947017650975,0.002857848102562951,1.960484092167305e-05,0.970650422463746
sample_0987,Google Play,Rated for 19+,Rated for 19+,True,9.059264827640535e-07,4.064569908164114e-09,1.7173469027908465e-09,0.9999990812873849,6.940254238521883e-09,6.396131469696425e-11,0.9999990812873849
sample_0555,Google Play,Rated for 18+,Rated for 18+,True,0.007620241591656046,0.029364068604669277,0.9626272710456467,7.781373840750498e-05,0.00030846584175134084,2.13917786888935e-06,0.9626272710456467
sample_0241,Google Play,Rated for 19+,Rated for 19+,True,2.19808782819941e-06,1.1296268531445403e-06,4.45045643238154e-08,0.9999965799711765,4.738195174415997e-08,4.27625930536442e-10,0.9999965799711765
sample_0743,Google Play,Rated for 18+,Rated for 18+,True,4.242496985373626e-06,2.8424037773375188e-05,0.9999587441346822,1.3407656080306104e-06,7.109717450032871e-06,1.388475011029391e-07,0.9999587441346822
sample_0119,Google Play,Rated for 18+,Rated for 18+,True,1.0111332058788653e-08,4.432080995090796e-08,0.99999993382045,4.3237921536584746e-09,6.805344476724167e-09,6.182711378061052e-10,0.99999993382045
sample_0550,Google Play,Rated for 19+,Rated for 19+,True,1.109259402652087e-06,7.838243092161984e-08,5.241000782565224e-08,0.9972247865661704,0.002773961863435454,1.1518552702464654e-08,0.9972247865661704
sample_1237,Google Play,Rated for 12+,Rated for 12+,True,0.9987977636277169,0.00011273210290660478,0.00015696518954749064,0.0004959488128393648,0.0004349029980810404,1.687268908642956e-06,0.9987977636277169
sample_0363,Google Play,Rated for 18+,Rated for 18+,True,4.4274386282572765e-05,0.009409960706833477,0.9905391911816926,1.779407618264174e-06,3.3342237622140315e-06,1.4600938107848766e-06,0.9905391911816926
sample_0217,Google Play,Rated for 19+,Rated for 19+,True,1.533439088129339e-05,5.359775587870093e-08,3.112314643660667e-08,0.9999829499652616,1.6305508058064968e-06,3.7214904907203793e-10,0.9999829499652616
sample_0868,Google Play,Rated for 19+,Rated for 19+,True,9.133379520266624e-08,1.790711386122134e-05,1.523199497788596e-08,0.9999819796560221,6.479445795037564e-09,1.8488057862069368e-10,0.9999819796560221
sample_1015,Google Play,Rated for 19+,Rated for 19+,True,5.185791994558944e-07,1.1372931180545293e-08,8.618231980908371e-09,0.9999993055364935,1.5581056580161028e-07,8.257816058283988e-11,0.9999993055364935
sample_0208,Google Play,Rated for 19+,Rated for 19+,True,3.2922944102934457e-06,4.551885071675776e-08,2.7351310785432818e-08,0.9997071820099548,0.00028945194348509694,8.819881949290936e-10,0.9997071820099548
sample_0365,Google Play,Rated for 19+,Rated for 19+,True,0.0002492089647499154,2.4174043393324876e-05,1.5927586955650352e-05,0.9996996307849993,1.0612659493885545e-05,4.459604079962487e-07,0.9996996307849993
sample_1156,Google Play,Rated for 3+,Rated for 12+,False,0.9955678923859768,0.0012268627628766301,0.00011454136004126878,0.0005144929729397204,0.0025746673852576254,1.5431329081114082e-06,0.9955678923859768
sample_0263,Google Play,Rated for 19+,Rated for 19+,True,0.0007886568775748708,0.0013231900663026733,4.315033008991203e-06,0.9978808276193023,2.929553017202711e-06,8.085079395282923e-08,0.9978808276193023
sample_1068,Google Play,Rated for 19+,Rated for 19+,True,0.0003949742288412141,7.044484341025107e-05,3.426563735272984e-05,0.9994127634306232,8.660284913735305e-05,9.490106352048891e-07,0.9994127634306232
sample_0839,Google Play,Rated for 19+,Rated for 19+,True,5.24161934471873e-06,1.7742516901311132e-05,1.7505301946801327e-07,0.999976733920331,1.0443041703485875e-07,2.4599865768016085e-09,0.999976733920331
sample_0121,Google Play,Rated for 18+,Rated for 18+,True,2.0482282527416734e-07,9.822125819816278e-08,0.9999994938851952,1.0542763421718581e-08,1.921581532742663e-07,3.698048105282112e-10,0.9999994938851952
sample_0084,Google Play,Rated for 19+,Rated for 19+,True,1.1704502772269906e-07,5.06687221599299e-09,2.5744037157613273e-09,0.9999998198552911,5.54274103070286e-08,3.099491630751592e-11,0.9999998198552911
sample_0324,Google Play,Rated for 18+,Rated for 18+,True,2.2224432444541185e-07,3.137824493889727e-08,0.9999996818636283,5.029498145328716e-08,1.3677432572636304e-08,5.413883914024395e-10,0.9999996818636283
sample_0985,Google Play,Rated for 19+,Rated for 19+,True,1.1854084072382668e-08,1.253167997221182e-08,2.8362211505150476e-09,0.9999999580885821,1.4672503786545332e-08,1.69288948626245e-11,0.9999999580885821
sample_0175,Google Play,Rated for 18+,Rated for 18+,True,2.4447482148631762e-08,1.7244167949473103e-06,0.9999981634375609,7.484591267350602e-08,1.207055782305049e-08,7.816915933731237e-10,0.9999981634375609
sample_0965,Google Play,Rated for 19+,Rated for 19+,True,4.768908258536541e-07,5.1615745921905126e-08,1.3273149636155511e-08,0.9999994570773602,9.337427972198902e-10,2.091757074649405e-10,0.9999994570773602
sample_0990,Google Play,Rated for 18+,Rated for 18+,True,5.422681236256875e-05,2.4113933108440886e-06,0.9998966698949264,8.883657713432436e-06,3.768057091548106e-05,1.2767077106202057e-07,0.9998966698949264
sample_1200,Google Play,Rated for 18+,Rated for 18+,True,0.0020742147992399984,2.623730757619843e-05,0.9978366025626797,4.6586062835010806e-05,1.4827722285918604e-05,1.5315453832080491e-06,0.9978366025626797
sample_0602,Google Play,Rated for 18+,Rated for 18+,True,2.1970094036759272e-07,1.9805920111587985e-07,0.9999994451075224,9.345741402381652e-08,4.268541136187039e-08,9.895106296337012e-10,0.9999994451075224
sample_0180,Google Play,Rated for 19+,Rated for 19+,True,4.073354310717141e-05,2.1433066958044547e-05,6.916197950842341e-06,0.9996490280639615,0.0002816291019746375,2.600260477970488e-07,0.9996490280639615
sample_0332,Google Play,Rated for 18+,Rated for 18+,True,4.481064824459293e-07,1.3797647118125065e-06,0.9999981231029957,1.2076399520235263e-08,3.622858058232836e-08,7.208301254283746e-10,0.9999981231029957
sample_1270,Google Play,Rated for 12+,Rated for 12+,True,0.9998549126573969,3.4234298723695636e-08,1.90849917148658e-08,0.00014503218141359483,1.2894011134112861e-09,5.52498027259668e-10,0.9998549126573969
sample_0009,Google Play,Rated for 19+,Rated for 19+,True,9.030761639419314e-09,1.5797722812131968e-08,4.21423907777471e-08,0.999999931454649,1.212690288773684e-09,3.6178555752231564e-10,0.999999931454649
sample_1267,Google Play,Rated for 12+,Rated for 12+,True,0.9999307280439942,4.949256396539334e-06,3.2976115993101985e-06,2.8166822017961946e-05,3.2767026130978816e-05,9.123986144106934e-08,0.9999307280439942
sample_1203,Google Play,Rated for 19+,Rated for 19+,True,0.00034812823728652134,0.0011542143359960795,0.00031506365638614853,0.9976239215981036,0.0005569697022981056,1.7024699295556888e-06,0.9976239215981036
sample_1302,Google Play,Rated for 7+,Rated for 7+,True,0.000756734768858796,0.0002683704305512557,5.95497951655925e-05,3.6754254422740864e-07,1.014229248775759e-06,0.9989139632336315,0.9989139632336315
sample_0210,Google Play,Rated for 12+,Rated for 12+,True,0.999854425883248,5.826252670396901e-06,3.881940406208686e-06,3.143784008792607e-05,0.00010432067624293393,1.0740734441225827e-07,0.999854425883248
sample_0875,Google Play,Rated for 18+,Rated for 18+,True,1.3573270892840072e-06,5.79141016406107e-07,0.9999925015847267,1.0736428785869359e-07,5.4482467180849e-06,6.3361617418356545e-09,0.9999925015847267
sample_0412,Google Play,Rated for 12+,Rated for 12+,True,0.9993709100778885,1.1493639765387307e-05,5.492926165642846e-06,3.29953824690523e-05,0.0005789559810338219,1.5199267774543282e-07,0.9993709100778885
sample_1046,Google Play,Rated for 18+,Rated for 18+,True,2.4141428281690455e-05,3.0246295264545627e-05,0.9999405902558467,3.497019529732808e-06,1.4688697156711993e-06,5.613136167814576e-08,0.9999405902558467
sample_0472,Google Play,Rated for 18+,Rated for 18+,True,0.0001508584167878466,2.7697917302529426e-05,0.9998213285297801,2.6703928159227234e-08,5.08407771098574e-08,3.759142430440143e-08,0.9998213285297801
sample_0942,Google Play,Rated for 19+,Rated for 19+,True,2.1259051887542545e-06,3.606004959106515e-05,2.425446563118975e-05,0.9973467074424959,0.0025901736606885307,6.784764046598687e-07,0.9973467074424959
sample_0259,Google Play,Rated for 19+,Rated for 19+,True,1.2051547311553335e-06,2.0300166452318805e-05,1.365263986013134e-05,0.9996175210960908,0.00034693899153438214,3.81951331314276e-07,0.9996175210960908
sample_0563,Google Play,Rated for 19+,Rated for 19+,True,1.1021361999942493e-06,1.9767624113194033e-05,9.617536640886267e-06,0.9997649861382268,0.00020426019208794323,2.663727310555997e-07,0.9997649861382268
sample_1231,Google Play,Rated for 3+,Rated for 3+,True,0.0007129601999662064,0.000564408976633325,0.015397517453304175,7.134517262169754e-06,0.9833173825898248,5.962630093124395e-07,0.9833173825898248
sample_1230,Google Play,Rated for 12+,Rated for 12+,True,0.9877352679470464,0.011237635146629938,0.0009043825965536036,5.9512851812383984e-05,5.2176685933271395e-05,1.1024772024389584e-05,0.9877352679470464
sample_1136,Google Play,Rated for 19+,Rated for 19+,True,1.2912064810813747e-05,0.0008452688091622766,5.808307725881774e-07,0.9991410760983765,1.2519922522012536e-07,3.6997652722134326e-08,0.9991410760983765
sample_0586,Google Play,Rated for 19+,Rated for 19+,True,8.158224841581473e-08,2.2101969296795929e-07,3.137100482041054e-08,0.999999662270815,3.511762558513072e-09,2.44476235972553e-10,0.999999662270815
sample_0298,Google Play,Rated for 19+,Rated for 19+,True,4.387154632669945e-05,2.894268522976157e-07,1.481968727600723e-06,0.9999436722711236,8.600855617293701e-06,2.0839313524859685e-06,0.9999436722711236
sample_0567,Google Play,Rated for 19+,Rated for 19+,True,3.7096449125081373e-07,1.2398844414171582e-08,3.4640288335421065e-09,0.9999984616275639,1.151447800654062e-06,9.727095100460825e-11,0.9999984616275639
sample_0524,Google Play,Rated for 12+,Rated for 12+,True,0.9999369905977987,5.593786655702126e-06,3.1573738717285697e-06,2.7426640883620192e-05,2.6741307701173308e-05,9.029308898542466e-08,0.9999369905977987
sample_0681,Google Play,Rated for 18+,Rated for 18+,True,1.4292625100970258e-07,1.6812186525612782e-07,0.9999996543150695,3.032646370222032e-08,3.8383079119966235e-09,4.720425652580533e-10,0.9999996543150695
sample_1083,Google Play,Rated for 19+,Rated for 19+,True,1.5413341048065904e-08,2.2423471542260424e-07,2.5983000808867317e-07,0.9999992945105626,2.0479564631106453e-07,1.2157265810188451e-09,0.9999992945105626
sample_0364,Google Play,Rated for 19+,Rated for 19+,True,0.00018643790388196506,0.00010289433177370704,6.987020626392764e-05,0.9996091277621179,2.971510554768783e-05,1.9546904150042353e-06,0.9996091277621179
sample_0991,Google Play,Rated for 19+,Rated for 19+,True,2.7303013818561307e-06,3.7152513625885743e-07,5.846343301607916e-08,0.9999963225060965,5.161629403711351e-07,1.0410119323861456e-09,0.9999963225060965
sample_0410,Google Play,Rated for 19+,Rated for 19+,True,0.00012135638667406001,9.9385946203652e-06,6.660615094815643e-06,0.9998577230221155,4.134925463350046e-06,1.8645603184579664e-07,0.9998577230221155
sample_0974,Google Play,Rated for 19+,Rated for 19+,True,0.00044202404573180274,4.399626410478517e-05,2.4978722745987797e-05,0.9994770440958541,1.1234149672841066e-05,7.227218903200503e-07,0.9994770440958541
sample_0772,Google Play,Rated for 12+,Rated for 12+,True,0.9999415136312688,4.751441208182398e-06,2.6819178576424423e-06,2.3366433137641333e-05,2.76098803054171e-05,7.669622211674709e-08,0.9999415136312688
sample_1312,Google Play,Rated for 12+,Rated for 12+,True,0.9983858140541855,0.0003222767628925185,0.00027563899527884673,0.0006042535297096255,0.00041015027440683316,1.866383526650613e-06,0.9983858140541855
sample_1086,Google Play,Rated for 19+,Rated for 19+,True,1.1390967943211846e-09,1.592728634746808e-07,6.082842712240727e-09,0.9999998331782548,2.64491906023579e-10,6.245016784098582e-11,0.9999998331782548
sample_0028,Google Play,Rated for 19+,Rated for 19+,True,6.471030664887156e-06,0.00010458157512714851,5.729939341068662e-06,0.9998805949477314,2.462282603802477e-06,1.602245314732841e-07,0.9998805949477314
sample_0556,Google Play,Rated for 18+,Rated for 18+,True,4.4769860618132395e-06,4.911989081637028e-06,0.9999881886728459,6.61160436006964e-08,1.8347438388621182e-06,5.214921280427921e-07,0.9999881886728459
sample_1290,Google Play,Rated for 7+,Rated for 7+,True,2.7353972656101922e-05,6.3076725488620785e-06,3.364673643257891e-06,7.080860659479147e-07,1.3166524427523745e-07,0.9999621339298416,0.9999621339298416
sample_0621,Google Play,Rated for 19+,Rated for 19+,True,9.394967083793411e-07,1.1111588662895444e-05,7.448470178545443e-06,0.9999486413999064,3.165052775204148e-05,2.0851679183660022e-07,0.9999486413999064
sample_0876,Google Play,Rated for 19+,Rated for 19+,True,4.1562621445559875e-07,4.674008998804284e-06,1.9136630063555204e-08,0.9999948614446597,5.712940354457232e-09,2.407055668613768e-08,0.9999948614446597
sample_0061,Google Play,Rated for 19+,Rated for 19+,True,1.4704003749345173e-05,3.101636077155617e-06,3.519997610398397e-05,0.9999362519305522,1.0705228045663162e-05,3.7225471520549106e-08,0.9999362519305522
sample_0439,Google Play,Rated for 19+,Rated for 19+,True,7.232579933567304e-08,2.616764774637904e-10,5.181074995474218e-10,0.999969786738803,3.0140104632723848e-05,5.098105586739e-11,0.999969786738803
sample_0340,Google Play,Rated for 18+,Rated for 18+,True,8.416996472442003e-07,1.9145823411593626e-05,0.9999773446336957,5.684979097564085e-08,2.6095039536775688e-06,1.4895006813554029e-09,0.9999773446336957
sample_0588,Google Play,Rated for 19+,Rated for 19+,True,8.944408927341215e-09,5.186485560898742e-09,7.360555759864701e-09,0.999999973233179,5.089888940506778e-09,1.854816605801963e-10,0.999999973233179
sample_0014,Google Play,Rated for 12+,Rated for 12+,True,0.9998856357196348,5.120393405549073e-06,3.411637493457934e-06,2.93246068580673e-05,7.64132478250574e-05,9.439478325930549e-08,0.9998856357196348
sample_0962,Google Play,Rated for 18+,Rated for 18+,True,5.700483724209122e-06,7.745062548187945e-07,0.9999930459861146,4.3855342348099676e-07,2.6224337681365312e-08,1.42461452232784e-08,0.9999930459861146
sample_0506,Google Play,Rated for 19+,Rated for 19+,True,9.117241553666639e-06,7.105464593124995e-06,1.0741805521136835e-07,0.9999835327405109,1.3535192318339962e-07,1.7833639485147126e-09,0.9999835327405109
sample_0251,Google Play,Rated for 19+,Rated for 19+,True,0.00017483646864661256,9.649154617430826e-05,6.552199828310014e-05,0.9996495335886331,1.1783341988903461e-05,1.8330562741849254e-06,0.9996495335886331
sample_0647,Google Play,Rated for 19+,Rated for 19+,True,0.00045079250900591076,0.00037915843688871313,0.00018468778811636026,0.9984707232771598,0.000509471117131567,5.166871697927809e-06,0.9984707232771598
sample_0203,Google Play,Rated for 18+,Rated for 18+,True,7.856098857913164e-08,4.949882829737124e-07,0.9999991275415008,2.6857435250991197e-07,2.3995447797576054e-08,6.33942753037698e-09,0.9999991275415008
sample_0130,Google Play,Rated for 19+,Rated for 19+,True,1.828526624955802e-07,1.0080102954690322e-05,2.3728406214317888e-07,0.9999859755092486,3.520607043217698e-06,3.6440287491848796e-09,0.9999859755092486
sample_1041,Google Play,Rated for 19+,Rated for 19+,True,3.2185895310486856e-06,1.3111375106100622e-08,2.6733667342849416e-08,0.9992698675475641,0.0007268731556217111,8.622409137164854e-10,0.9992698675475641
